year,legacy,total_pit_points;;;;;
2025,ferrari,559;;;;;
2025,mclaren,410;;;;;
2025,red_bull,362;;;;;
2025,rb,353;;;;;
2025,mercedes,253;;;;;
2025,sauber,195;;;;;
2025,alpine,99;;;;;
2025,williams,84;;;;;
2025,aston_martin,56;;;;;
2025,haas,53;;;;;
2024,red_bull,552;;;;;
2024,mclaren,433;;;;;
2024,ferrari,364;;;;;
2024,mercedes,284;;;;;
2024,rb,253;;;;;
2024,alpine,177;;;;;
2024,sauber,144;;;;;
2024,aston_martin,117;;;;;
2024,haas,49;;;;;
2024,williams,38;;;;;
2023,red_bull,543;;;;;
2023,ferrari,468;;;;;
2023,mclaren,418;;;;;
2023,rb,255;;;;;
2023,alpine,191;;;;;
2023,aston_martin,145;;;;;
2023,mercedes,100;;;;;
2023,williams,50;;;;;
2023,sauber,38;;;;;
2023,haas,14;;;;;
2022,red_bull,534;;;;;
2022,mclaren,427;;;;;
2022,rb,257;;;;;
2022,ferrari,255;;;;;
2022,alpine,221;;;;;
2022,aston_martin,203;;;;;
2022,williams,166;;;;;
2022,mercedes,122;;;;;
2022,sauber,23;;;;;
2022,haas,14;;;;;
2021,red_bull,569;;;;;
2021,mercedes,317;;;;;
2021,ferrari,266;;;;;
2021,williams,215;;;;;
2021,aston_martin,191;;;;;
2021,sauber,183;;;;;
2021,alpine,155;;;;;
2021,mclaren,141;;;;;
2021,rb,83;;;;;
2021,haas,1;;;;;
2020,red_bull,555;;;;;
2020,williams,264;;;;;
2020,mercedes,253;;;;;
2020,sauber,158;;;;;
2020,alpine,123;;;;;
2020,rb,107;;;;;
2020,mclaren,101;;;;;
2020,ferrari,79;;;;;
2020,aston_martin,74;;;;;
2020,haas,3;;;;;
2019,red_bull,504;;;;;
2019,williams,439;;;;;
2019,ferrari,315;;;;;
2019,mercedes,273;;;;;
2019,mclaren,217;;;;;
2019,rb,121;;;;;
2019,alpine,106;;;;;
2019,haas,61;;;;;
2019,sauber,49;;;;;
2019,aston_martin,36;;;;;
2018,red_bull,466;;;;;
2018,ferrari,403;;;;;
2018,mercedes,354;;;;;
2018,williams,258;;;;;
2018,sauber,219;;;;;
2018,mclaren,140;;;;;
2018,rb,134;;;;;
2018,haas,73;;;;;
2018,aston_martin,44;;;;;
2018,alpine,32;;;;;
2017,mercedes,472;;;;;
2017,williams,442;;;;;
2017,red_bull,344;;;;;
2017,ferrari,251;;;;;
2017,aston_martin,155;;;;;
2017,rb,155;;;;;
2017,haas,130;;;;;
2017,mclaren,62;;;;;
2017,alpine,8;;;;;
2017,sauber,1;;;;;
2016,williams,352;;;;;
2016,mercedes,315;;;;;
2016,red_bull,250;;;;;
2016,ferrari,223;;;;;
2016,mclaren,218;;;;;
2016,aston_martin,213;;;;;
2016,alpine,170;;;;;
2016,rb,115;;;;;
2016,haas,110;;;;;
2016,sauber,92;;;;;
2016,manor,63;;;;;
2015,mercedes,316;;;;;
2015,ferrari,302;;;;;
2015,red_bull,239;;;;;
2015,williams,216;;;;;
2015,mclaren,196;;;;;
2015,aston_martin,184;;;;;
2015,alpine,171;;;;;
2015,rb,152;;;;;
2015,sauber,108;;;;;
2015,manor,30;;;;;
2014,mclaren,327;;;;;
2014,red_bull,321;;;;;
2014,ferrari,239;;;;;
2014,alpine,235;;;;;
2014,williams,191;;;;;
2014,mercedes,175;;;;;
2014,aston_martin,147;;;;;
2014,rb,101;;;;;
2014,sauber,81;;;;;
2014,manor,71;;;;;
2014,caterham,28;;;;;
